{"cameraMode":{"drawMode":0,"name":"Shaded","section":"Shading Mode"},"sceneLighting":true,"audioPlay":false,"sceneViewState":{"showFog":true,"showMaterialUpdate":false,"showSkybox":true,"showFlares":true,"showImageEffects":true,"showParticleSystems":true},"in2DMode":false,"pivot":{"x":16.62041473388672,"y":1.1622686386108399,"z":4.1016340255737309},"rotation":{"x":-0.26582905650138857,"y":-0.0914950892329216,"z":0.025368506088852884,"w":-0.9593624472618103},"size":16.3638916015625,"orthographic":false}